Model,R²,MSE,Explained Variance,Maximum Residual Error
Default,-0.7918721291116553,1.3979816294402743,-0.3087040110646915,3.7865058480113545
Alternative with Mother MLU,-0.25783807844359896,0.9813392919651993,0.36330645944279616,2.4607933188258
Mean Point Estimator,0.0,0.7801793480282225,0.0,1.7842060104571424
Alternative,0.03210263970867677,0.7551335315103221,0.14632450797572427,1.755213618774985
